Region,Year,Crop,Area planted (ha),Production,Yield
DAKAR,2016,Rice,0,0,0
DAKAR,2017,Rice,0,0,0
DAKAR,2018,Rice,,,0
DAKAR,2019,Rice,0,0,0
DAKAR,2019,Sorghum,0,0,0
DAKAR,2017,Sesame,0,0,0
DAKAR,2019,Sesame,0,0,0
DAKAR,2019,Millet,0,0,0
DAKAR,2019,Fonio,0,0,0
DAKAR,2019,Peanut,372,56,0.165
DAKAR,2019,Maize,524,105,0.22
DAKAR,2018,Cowpea,154,61,0.44
DAKAR,2019,Cowpea,169,68,0.44
DAKAR,2017,Cowpea,944,15580,0.495
DAKAR,2018,Millet,9,4,0.495
DAKAR,2016,Cowpea,858,397,0.5093
DAKAR,2017,Sorghum,385,193,0.55
DAKAR,2016,Sorghum,350,180,0.5665
DAKAR,2018,Sorghum,300,170,0.6215
DAKAR,2018,Peanut,3141,1884,0.66
DAKAR,2018,Maize,900,630,0.77
DAKAR,2016,Peanut,1233,1233,0.8338
DAKAR,2017,Peanut,1248,946,0.8338
DAKAR,2017,Maize,990,842,0.935
DAKAR,2016,Maize,900,799,0.9768
DAKAR,2016,Cassava,683,5189,8.36
DAKAR,2017,Cassava,751,5708,8.36
DAKAR,2018,Cassava,342,2599,8.36
DAKAR,2019,Cassava,376,2859,8.36
DAKAR,2016,Watermelon,186,1488,8.8
DAKAR,2017,Watermelon,205,1637,8.8
DAKAR,2018,Watermelon,205,1637,8.8
DAKAR,2019,Watermelon,98,1475,16.5
DAKAR,2016,Sesame,0,0,0
DAKAR,2018,Sesame,,,0
DAKAR,2016,Millet,0,0,0
DAKAR,2017,Millet,0,0,0
DAKAR,2016,Fonio,0,0,0
DAKAR,2017,Fonio,0,0,0
DAKAR,2018,Fonio,,,0
DIOURBEL,2016,Rice,0,0,0
DIOURBEL,2017,Rice,0,0,0
DIOURBEL,2018,Rice,,,0
DIOURBEL,2019,Rice,0,0,0
DIOURBEL,2019,Fonio,0,0,0
DIOURBEL,2016,Cowpea,28997,7301,0.2882
DIOURBEL,2017,Cowpea,31897,1474,0.3542
DIOURBEL,2016,Sesame,763,305,0.44
DIOURBEL,2017,Sesame,839,336,0.44
DIOURBEL,2018,Sesame,617,286,0.5104
DIOURBEL,2017,Sorghum,14062,8960,0.7007
DIOURBEL,2018,Cowpea,18704,12157,0.715
DIOURBEL,2017,Millet,130908,85126,0.715
DIOURBEL,2016,Maize,1014,836,0.8184
DIOURBEL,2017,Peanut,91940,71917,0.8602
DIOURBEL,2016,Peanut,81227,81227,0.8734
DIOURBEL,2016,Millet,129864,103444,0.8767
DIOURBEL,2017,Maize,1115,914,0.9009
DIOURBEL,2016,Sorghum,12784,10666,0.9174
DIOURBEL,2018,Sorghum,12050,10232,0.9339
DIOURBEL,2018,Maize,894,797,0.9801
DIOURBEL,2018,Peanut,58379,52541,0.99
DIOURBEL,2018,Millet,101054,94085,1.0241
DIOURBEL,2019,Sesame,1320,607,1.5125
DIOURBEL,2019,Cowpea,25420,14438,1.892
DIOURBEL,2019,Millet,110504,77973,2.343
DIOURBEL,2019,Maize,983,876,2.365
DIOURBEL,2019,Sorghum,14445,11752,2.585
DIOURBEL,2019,Peanut,69446,57378,2.6345
DIOURBEL,2016,Watermelon,2935,16840,6.9663
DIOURBEL,2018,Watermelon,350,2229,7.0015
DIOURBEL,2017,Watermelon,3228,22059,7.5163
DIOURBEL,2018,Cassava,2474,18801,8.3611
DIOURBEL,2016,Cassava,766,5831,8.4337
DIOURBEL,2017,Cassava,843,6516,8.5074
DIOURBEL,2019,Cassava,10450,85875,26.95
DIOURBEL,2019,Watermelon,9456,85104,29.7
DIOURBEL,2016,Fonio,0,0,0
DIOURBEL,2017,Fonio,0,0,0
DIOURBEL,2018,Fonio,,,0
FATICK,2019,Fonio,0,0,0
FATICK,2018,Sesame,175,70,0.44
FATICK,2019,Sesame,350,140,0.44
FATICK,2016,Cowpea,29454,15389,0.4642
FATICK,2017,Sesame,449,191,0.4686
FATICK,2016,Sesame,408,174,0.5137
FATICK,2017,Cowpea,32200,10258,0.5324
FATICK,2018,Cowpea,7925,4379,0.6083
FATICK,2017,Millet,141638,96849,0.7524
FATICK,2017,Peanut,186864,140023,0.8239
FATICK,2016,Millet,139077,108840,0.8613
FATICK,2016,Peanut,182017,182017,0.8899
FATICK,2016,Sorghum,13761,11989,0.9581
FATICK,2017,Sorghum,15137,13441,0.9768
FATICK,2018,Sorghum,9460,9487,1.1033
FATICK,2018,Millet,178790,183065,1.1264
FATICK,2018,Peanut,177938,199450,1.2331
FATICK,2016,Maize,18683,30361,1.4014
FATICK,2017,Rice,8178,12293,1.6533
FATICK,2019,Cowpea,8718,4441,1.815
FATICK,2018,Maize,22611,42504,2.068
FATICK,2018,Rice,7899,14855,2.0691
FATICK,2019,Rice,3700,7400,2.2
FATICK,2017,Maize,20551,41973,2.2462
FATICK,2019,Sorghum,11518,10211,2.97
FATICK,2016,Rice,5684,15982,3.0932
FATICK,2019,Millet,179252,174483,3.1614
FATICK,2019,Peanut,175399,228149,4.2834
FATICK,2019,Maize,23863,43074,4.9511
FATICK,2018,Watermelon,1605,8038,5.5099
FATICK,2016,Cassava,1561,12277,8.6163
FATICK,2017,Cassava,2800,24593,9.6602
FATICK,2018,Cassava,2800,29425,11.5599
FATICK,2016,Watermelon,1462,20188,13.9337
FATICK,2017,Watermelon,1608,22206,15.1932
FATICK,2019,Watermelon,5292,48604,30.25
FATICK,2019,Cassava,3710,39928,31.35
FATICK,2016,Fonio,0,0,0
FATICK,2017,Fonio,0,0,0
FATICK,2018,Fonio,,,0
KAFFRINE,2016,Fonio,0,0,0
KAFFRINE,2019,Fonio,0,0,0
KAFFRINE,2017,Cowpea,4240,1767,0.3828
KAFFRINE,2018,Cowpea,1564,631,0.4433
KAFFRINE,2017,Sesame,10961,4551,0.4565
KAFFRINE,2018,Sesame,18778,9597,0.5621
KAFFRINE,2016,Rice,607,478,0.8657
KAFFRINE,2017,Rice,675,592,0.9636
KAFFRINE,2017,Sorghum,49386,43854,0.9768
KAFFRINE,2017,Peanut,159670,144395,0.9944
KAFFRINE,2017,Millet,121217,113862,1.0329
KAFFRINE,2016,Millet,118357,113926,1.0593
KAFFRINE,2019,Rice,289,289,1.1
KAFFRINE,2018,Rice,660,708,1.1803
KAFFRINE,2018,Millet,134112,145843,1.1957
KAFFRINE,2018,Sorghum,54489,59957,1.21
KAFFRINE,2016,Sorghum,44896,51618,1.265
KAFFRINE,2018,Peanut,200465,253483,1.3904
KAFFRINE,2018,Maize,31676,48559,1.6863
KAFFRINE,2016,Sesame,10423,4303,1.7633
KAFFRINE,2016,Cowpea,638,313,2.0262
KAFFRINE,2017,Maize,54587,117198,2.3617
KAFFRINE,2019,Sesame,20723,10502,2.42
KAFFRINE,2019,Cowpea,2549,1399,2.7764
KAFFRINE,2016,Peanut,206909,206909,4.2218
KAFFRINE,2016,Maize,49624,65294,5.643
KAFFRINE,2019,Millet,154147,204340,5.7596
KAFFRINE,2019,Peanut,209100,272570,5.83
KAFFRINE,2019,Sorghum,58988,78419,5.8718
KAFFRINE,2019,Maize,36130,64084,7.7946
KAFFRINE,2017,Cassava,308,2496,8.9254
KAFFRINE,2018,Cassava,309,3646,12.9734
KAFFRINE,2016,Cassava,785,4712,13.2
KAFFRINE,2017,Watermelon,878,14934,18.7
KAFFRINE,2019,Cassava,354,2909,26.6662
KAFFRINE,2018,Watermelon,6313,159635,27.8157
KAFFRINE,2016,Watermelon,3537,60126,56.1
KAFFRINE,2019,Watermelon,7645,204264,104.5
KAFFRINE,2017,Fonio,0,0,0
KAFFRINE,2018,Fonio,,,0
KAOLACK,2016,Fonio,0,0,0
KAOLACK,2019,Fonio,0,0,0
KAOLACK,2018,Sesame,358,171,0.5269
KAOLACK,2018,Cowpea,1218,621,0.561
KAOLACK,2017,Sesame,387,200,0.5676
KAOLACK,2017,Cowpea,2788,20,0.6974
KAOLACK,2016,Sorghum,16417,10491,0.7029
KAOLACK,2017,Peanut,135987,114143,0.9229
KAOLACK,2017,Millet,155535,131054,0.9273
KAOLACK,2016,Millet,150910,133626,0.9735
KAOLACK,2017,Sorghum,18058,16183,0.9856
KAOLACK,2018,Sorghum,9610,9660,1.1055
KAOLACK,2018,Millet,132838,152011,1.2584
KAOLACK,2016,Sesame,352,211,1.32
KAOLACK,2018,Peanut,159120,211104,1.4597
KAOLACK,2019,Sesame,604,286,1.76
KAOLACK,2017,Rice,1900,3315,1.9195
KAOLACK,2017,Maize,25185,45038,1.9668
KAOLACK,2018,Maize,34018,64890,2.0988
KAOLACK,2018,Rice,2316,4431,2.1054
KAOLACK,2019,Cowpea,2298,1541,2.222
KAOLACK,2016,Cowpea,2534,1706,2.233
KAOLACK,2019,Sorghum,13147,12777,3.1801
KAOLACK,2016,Rice,1900,5525,3.1988
KAOLACK,2016,Peanut,118842,118842,3.4452
KAOLACK,2019,Rice,2050,3325,3.619
KAOLACK,2019,Millet,132252,167275,3.8885
KAOLACK,2019,Peanut,169843,223001,3.905
KAOLACK,2016,Maize,22895,37932,6.2436
KAOLACK,2019,Maize,37394,76912,6.4372
KAOLACK,2017,Cassava,3381,57873,18.8287
KAOLACK,2018,Cassava,3568,69345,21.3785
KAOLACK,2017,Watermelon,2314,75331,35.8039
KAOLACK,2018,Watermelon,7685,285410,40.8529
KAOLACK,2016,Cassava,2830,56782,49.72
KAOLACK,2019,Cassava,5162,95440,49.786
KAOLACK,2016,Watermelon,2104,68825,87.67
KAOLACK,2019,Watermelon,11150,373380,89.76
KAOLACK,2017,Fonio,0,0,0
KAOLACK,2018,Fonio,,,0
KEDOUGOU,2019,Cassava,0,0,0
KEDOUGOU,2019,Watermelon,0,0,0
KEDOUGOU,2019,Sesame,0,0,0
KEDOUGOU,2017,Cowpea,56,1120,0.3828
KEDOUGOU,2016,Cowpea,10,5,0.5225
KEDOUGOU,2018,Cowpea,318,198,0.6831
KEDOUGOU,2016,Fonio,1438,839,0.715
KEDOUGOU,2017,Fonio,1539,1201,0.858
KEDOUGOU,2019,Millet,9833,8239,0.9218
KEDOUGOU,2018,Fonio,1409,1268,0.99
KEDOUGOU,2016,Peanut,3937,3937,1.2166
KEDOUGOU,2017,Peanut,4299,5028,1.2859
KEDOUGOU,2018,Peanut,12670,17538,1.5224
KEDOUGOU,2019,Cowpea,350,239,1.5587
KEDOUGOU,2016,Sorghum,3204,4642,1.5939
KEDOUGOU,2018,Sorghum,6793,11152,1.8062
KEDOUGOU,2017,Sorghum,3525,6207,1.9371
KEDOUGOU,2019,Fonio,4109,3370,2.3925
KEDOUGOU,2017,Maize,5934,14658,2.717
KEDOUGOU,2016,Maize,5395,12678,2.7357
KEDOUGOU,2016,Rice,7500,18750,2.75
KEDOUGOU,2018,Maize,9761,24403,2.75
KEDOUGOU,2017,Rice,8800,22628,2.8281
KEDOUGOU,2018,Rice,6955,18326,2.8985
KEDOUGOU,2019,Peanut,13362,20522,5.06
KEDOUGOU,2019,Sorghum,10353,17998,6.8255
KEDOUGOU,2019,Maize,29755,69512,9.0464
KEDOUGOU,2019,Rice,36618,93544,11.0935
KEDOUGOU,2016,Cassava,0,0,0
KEDOUGOU,2017,Cassava,0,0,0
KEDOUGOU,2018,Cassava,,,0
KEDOUGOU,2016,Watermelon,0,0,0
KEDOUGOU,2017,Watermelon,0,0,0
KEDOUGOU,2018,Watermelon,,,0
KEDOUGOU,2016,Sesame,0,0,0
KEDOUGOU,2017,Sesame,0,0,0
KEDOUGOU,2018,Sesame,,,0
KEDOUGOU,2016,Millet,0,0,0
KEDOUGOU,2017,Millet,0,0,0
KEDOUGOU,2018,Millet,,,0
KOLDA,2016,Fonio,131,72,0.3025
KOLDA,2017,Sesame,1462,644,0.484
KOLDA,2017,Cowpea,2420,60556,0.5093
KOLDA,2016,Sesame,1330,654,0.561
KOLDA,2019,Fonio,90,46,0.5665
KOLDA,2018,Cowpea,703,378,0.5907
KOLDA,2018,Fonio,117,64,0.605
KOLDA,2017,Sorghum,35086,26516,0.8316
KOLDA,2016,Sorghum,31896,25935,0.8943
KOLDA,2016,Millet,39088,33662,0.9471
KOLDA,2017,Millet,39541,34530,0.9603
KOLDA,2017,Peanut,68800,66642,1.0659
KOLDA,2016,Cowpea,1046,731,1.166
KOLDA,2018,Sorghum,35603,37959,1.1726
KOLDA,2018,Millet,28455,31870,1.232
KOLDA,2018,Peanut,92837,139558,1.6533
KOLDA,2017,Maize,21618,32808,1.6698
KOLDA,2018,Maize,45080,76813,1.8744
KOLDA,2019,Cowpea,1543,1012,2.145
KOLDA,2019,Sesame,2106,1543,2.2231
KOLDA,2016,Peanut,62279,62279,2.2781
KOLDA,2017,Rice,57036,124913,2.409
KOLDA,2018,Rice,107886,252831,2.5773
KOLDA,2016,Maize,19653,34807,2.904
KOLDA,2016,Rice,58036,162964,3.0888
KOLDA,2019,Millet,40807,44167,3.135
KOLDA,2019,Sorghum,17274,16182,3.1735
KOLDA,2019,Peanut,123521,225654,6.0918
KOLDA,2019,Maize,21156,47350,7.7374
KOLDA,2019,Rice,45280,127972,9.46
KOLDA,2018,Cassava,620,5776,10.2399
KOLDA,2017,Cassava,1067,10371,10.6898
KOLDA,2017,Watermelon,1287,13215,11.297
KOLDA,2018,Watermelon,372,4468,13.2
KOLDA,2016,Cassava,970,7416,13.75
KOLDA,2016,Watermelon,1170,12013,17.05
KOLDA,2019,Watermelon,436,5858,29.535
KOLDA,2019,Cassava,682,6590,31.9
KOLDA,2018,Sesame,,,0
KOLDA,2017,Fonio,140,77,0
LOUGA,2019,Rice,0,0,0
LOUGA,2019,Fonio,0,0,0
LOUGA,2018,Sorghum,3000,1328,0.4873
LOUGA,2016,Millet,88850,44524,0.5511
LOUGA,2017,Millet,90130,47182,0.5753
LOUGA,2017,Maize,5062,2784,0.605
LOUGA,2016,Cowpea,74951,43357,0.6083
LOUGA,2016,Sorghum,3999,2227,0.6127
LOUGA,2017,Sorghum,4399,2472,0.6182
LOUGA,2018,Cowpea,128974,74909,0.6391
LOUGA,2018,Maize,5132,3079,0.66
LOUGA,2019,Maize,5645,3387,0.66
LOUGA,2018,Millet,141862,86708,0.6721
LOUGA,2017,Peanut,189685,130918,0.759
LOUGA,2019,Sorghum,2342,804,0.7865
LOUGA,2017,Cowpea,80518,401,0.8272
LOUGA,2016,Peanut,186082,186082,0.8316
LOUGA,2016,Maize,4602,3682,0.88
LOUGA,2018,Peanut,211379,173386,0.902
LOUGA,2019,Millet,97616,26945,0.935
LOUGA,2019,Sesame,75,35,1.023
LOUGA,2016,Rice,705,705,1.1
LOUGA,2017,Rice,705,705,1.1
LOUGA,2018,Rice,456,456,1.1
LOUGA,2019,Peanut,102759,61272,1.925
LOUGA,2019,Cowpea,161292,95377,1.936
LOUGA,2016,Cassava,2618,23566,9.9
LOUGA,2017,Cassava,3129,30713,10.7965
LOUGA,2018,Cassava,4907,48458,10.8614
LOUGA,2017,Watermelon,4456,46024,11.3608
LOUGA,2016,Watermelon,4051,41840,11.55
LOUGA,2018,Watermelon,10886,129953,13.1318
LOUGA,2019,Cassava,5357,76530,36.3
LOUGA,2019,Watermelon,14750,157050,39.6
LOUGA,2016,Sesame,0,0,0
LOUGA,2017,Sesame,0,0,0
LOUGA,2018,Sesame,,,0
LOUGA,2016,Fonio,0,0,0
LOUGA,2017,Fonio,0,0,0
LOUGA,2018,Fonio,,,0
MATAM,2019,Rice,0,0,0
MATAM,2019,Fonio,0,0,0
MATAM,2017,Cowpea,1050,2098,0.4191
MATAM,2016,Cowpea,609,244,0.451
MATAM,2017,Peanut,1667,685,0.4521
MATAM,2019,Sesame,35,17,0.5225
MATAM,2018,Cowpea,8138,3994,0.5401
MATAM,2018,Millet,33312,17808,0.5885
MATAM,2018,Peanut,6819,3794,0.6116
MATAM,2016,Peanut,1647,1647,0.6391
MATAM,2016,Sorghum,6244,3844,0.6776
MATAM,2017,Sorghum,6868,4228,0.6776
MATAM,2017,Millet,34042,21066,0.6809
MATAM,2018,Sorghum,17122,11689,0.7513
MATAM,2016,Millet,34264,31230,1.0021
MATAM,2019,Millet,22122,9136,1.32
MATAM,2017,Maize,1976,2407,1.3398
MATAM,2016,Maize,1797,810,1.3519
MATAM,2019,Peanut,1996,976,1.43
MATAM,2019,Cowpea,9280,4980,1.5675
MATAM,2018,Maize,3421,6714,2.1582
MATAM,2019,Sorghum,20247,13180,2.1692
MATAM,2019,Maize,2656,1694,2.2
MATAM,2016,Watermelon,726,2179,3.3
MATAM,2017,Watermelon,799,2396,3.3
MATAM,2018,Watermelon,1888,5665,3.3
MATAM,2018,Rice,8707,52465,6.6286
MATAM,2017,Rice,9166,60871,7.3051
MATAM,2016,Rice,6128,42896,7.7
MATAM,2019,Watermelon,2118,28365,44.4268
MATAM,2019,Cassava,251,5275,60.5
MATAM,2016,Cassava,0,0,0
MATAM,2017,Cassava,0,0,0
MATAM,2018,Cassava,,,0
MATAM,2016,Sesame,0,0,0
MATAM,2017,Sesame,0,0,0
MATAM,2018,Sesame,,,0
MATAM,2016,Fonio,0,0,0
MATAM,2017,Fonio,0,0,0
MATAM,2018,Fonio,,,0
SAINT-LOUIS,2019,Sesame,0,0,0
SAINT-LOUIS,2019,Millet,2432,338,0.2695
SAINT-LOUIS,2016,Millet,8166,2129,0.2871
SAINT-LOUIS,2017,Millet,8240,2191,0.2926
SAINT-LOUIS,2018,Millet,743,206,0.3047
SAINT-LOUIS,2017,Cowpea,6164,912,0.374
SAINT-LOUIS,2016,Sorghum,2556,880,0.3784
SAINT-LOUIS,2017,Sorghum,2811,968,0.3784
SAINT-LOUIS,2018,Sorghum,1555,595,0.4213
SAINT-LOUIS,2017,Peanut,12318,5267,0.4708
SAINT-LOUIS,2018,Cowpea,4065,1858,0.5027
SAINT-LOUIS,2018,Peanut,17757,8258,0.5115
SAINT-LOUIS,2016,Peanut,12172,12172,0.528
SAINT-LOUIS,2016,Cowpea,5604,3177,0.671
SAINT-LOUIS,2019,Peanut,12601,4095,0.715
SAINT-LOUIS,2019,Fonio,246,243,1.089
SAINT-LOUIS,2019,Cowpea,8492,4076,1.584
SAINT-LOUIS,2019,Rice,2012,0,2.42
SAINT-LOUIS,2017,Maize,2350,5485,2.5674
SAINT-LOUIS,2016,Maize,2136,5018,2.695
SAINT-LOUIS,2018,Maize,2929,9012,3.3847
SAINT-LOUIS,2019,Sorghum,8599,7101,3.597
SAINT-LOUIS,2018,Rice,61871,400291,7.117
SAINT-LOUIS,2017,Rice,61215,420636,7.5581
SAINT-LOUIS,2016,Rice,57085,399224,7.6923
SAINT-LOUIS,2016,Cassava,530,3859,8.0157
SAINT-LOUIS,2019,Maize,5337,14455,9.35
SAINT-LOUIS,2016,Watermelon,1379,18514,11.7865
SAINT-LOUIS,2017,Watermelon,1517,19503,14.1438
SAINT-LOUIS,2018,Watermelon,6517,85944,14.5068
SAINT-LOUIS,2017,Cassava,733,16152,24.2528
SAINT-LOUIS,2018,Cassava,2000,50000,27.5
SAINT-LOUIS,2019,Watermelon,7866,92426,40.15
SAINT-LOUIS,2019,Cassava,2410,58050,60.5
SAINT-LOUIS,2016,Sesame,0,0,0
SAINT-LOUIS,2017,Sesame,0,0,0
SAINT-LOUIS,2018,Sesame,,,0
SAINT-LOUIS,2016,Fonio,0,0,0
SAINT-LOUIS,2017,Fonio,0,0,0
SAINT-LOUIS,2018,Fonio,,,0
SEDHIOU,2017,Cowpea,1971,683,0.5093
SEDHIOU,2017,Sesame,4231,2295,0.5962
SEDHIOU,2016,Sesame,2588,1448,0.6402
SEDHIOU,2018,Sesame,3377,2167,0.7062
SEDHIOU,2018,Cowpea,1536,1128,0.8074
SEDHIOU,2019,Fonio,299,226,0.8305
SEDHIOU,2016,Fonio,2877,2317,0.8613
SEDHIOU,2018,Fonio,3392,2692,0.8734
SEDHIOU,2016,Cowpea,858,660,0.8789
SEDHIOU,2017,Fonio,3079,2479,0.8855
SEDHIOU,2016,Millet,36515,33877,1.0208
SEDHIOU,2017,Millet,36130,33792,1.0285
SEDHIOU,2016,Sorghum,14251,16354,1.2628
SEDHIOU,2017,Sorghum,15677,17989,1.2628
SEDHIOU,2018,Sorghum,18122,21169,1.2848
SEDHIOU,2018,Millet,32604,39124,1.32
SEDHIOU,2017,Peanut,55611,67064,1.3266
SEDHIOU,2016,Peanut,50174,50174,1.6016
SEDHIOU,2018,Peanut,30303,47526,1.7248
SEDHIOU,2019,Cowpea,2191,1346,2.0207
SEDHIOU,2019,Sesame,3955,2427,2.0526
SEDHIOU,2016,Maize,37621,71005,2.0911
SEDHIOU,2017,Maize,41383,82766,2.2
SEDHIOU,2018,Maize,36824,73648,2.2
SEDHIOU,2017,Rice,66700,155230,2.5597
SEDHIOU,2019,Millet,27836,23668,2.8083
SEDHIOU,2018,Rice,54625,142025,2.86
SEDHIOU,2016,Rice,60265,174264,3.1812
SEDHIOU,2019,Peanut,34389,53241,4.895
SEDHIOU,2019,Rice,25400,62831,5.4505
SEDHIOU,2019,Sorghum,40625,72019,5.4934
SEDHIOU,2019,Maize,33846,64849,6.4504
SEDHIOU,2016,Cassava,817,7975,10.725
SEDHIOU,2018,Cassava,508,5757,12.4663
SEDHIOU,2017,Cassava,899,11124,13.6147
SEDHIOU,2018,Watermelon,385,5777,16.5
SEDHIOU,2017,Watermelon,441,6637,16.5682
SEDHIOU,2016,Watermelon,401,6034,16.8663
SEDHIOU,2019,Cassava,556,6310,35.2
SEDHIOU,2019,Watermelon,1054,14705,45.1
SEDHIOU,2011,Rice,23219,16781,0.72
SEDHIOU,2012,Rice,20025,30513,1.52
SEDHIOU,2013,Rice,21108,3266,1.54
SEDHIOU,2014,Rice,3471,70721,2.03
SEDHIOU,2015,Rice,60265,174264,2.89
TAMBACOUNDA,2019,Fonio,0,0,0
TAMBACOUNDA,2017,Cowpea,1400,8343,0.5368
TAMBACOUNDA,2016,Cowpea,1273,660,0.6094
TAMBACOUNDA,2018,Sesame,1488,1079,0.7975
TAMBACOUNDA,2016,Sesame,3737,2803,0.825
TAMBACOUNDA,2017,Sesame,4016,3012,0.825
TAMBACOUNDA,2018,Millet,38785,29250,0.8294
TAMBACOUNDA,2018,Cowpea,3014,2411,0.88
TAMBACOUNDA,2017,Millet,62596,55052,0.9669
TAMBACOUNDA,2016,Millet,63241,57960,1.0087
TAMBACOUNDA,2017,Peanut,98825,92959,1.0351
TAMBACOUNDA,2017,Sorghum,37500,35980,1.0549
TAMBACOUNDA,2016,Sorghum,34091,34729,1.1209
TAMBACOUNDA,2018,Sorghum,42080,43895,1.1473
TAMBACOUNDA,2016,Peanut,89571,89571,1.1572
TAMBACOUNDA,2018,Peanut,163027,178945,1.2078
TAMBACOUNDA,2016,Maize,30542,37094,1.4685
TAMBACOUNDA,2017,Maize,33596,46167,1.5114
TAMBACOUNDA,2019,Cowpea,3447,2778,1.925
TAMBACOUNDA,2018,Maize,33961,61238,1.9833
TAMBACOUNDA,2019,Rice,339,678,2.2
TAMBACOUNDA,2018,Rice,7558,19353,2.8171
TAMBACOUNDA,2019,Sesame,3186,2200,2.8248
TAMBACOUNDA,2017,Rice,1990,5530,3.0569
TAMBACOUNDA,2016,Rice,1990,6843,3.7818
TAMBACOUNDA,2019,Millet,60225,46189,4.8367
TAMBACOUNDA,2019,Sorghum,16019,18816,5.335
TAMBACOUNDA,2019,Maize,21095,36420,6.7936
TAMBACOUNDA,2019,Peanut,104210,161941,7.6615
TAMBACOUNDA,2016,Cassava,295,3540,13.2
TAMBACOUNDA,2017,Cassava,325,3894,13.2
TAMBACOUNDA,2018,Cassava,82,996,13.4365
TAMBACOUNDA,2018,Watermelon,3566,53497,16.5
TAMBACOUNDA,2016,Watermelon,263,4609,19.25
TAMBACOUNDA,2017,Watermelon,290,5070,19.25
TAMBACOUNDA,2019,Cassava,90,1095,27.5
TAMBACOUNDA,2019,Watermelon,4222,61974,48.95
TAMBACOUNDA,2016,Fonio,0,0,0
TAMBACOUNDA,2017,Fonio,0,0,0
TAMBACOUNDA,2018,Fonio,,,0
THIES,2016,Rice,0,0,0
THIES,2017,Rice,0,0,0
THIES,2018,Rice,,,0
THIES,2019,Fonio,72,36,0.55
THIES,2017,Maize,2719,1512,0.6116
THIES,2017,Cowpea,14917,61,0.6149
THIES,2016,Maize,2472,1375,0.6193
THIES,2018,Cowpea,25543,14516,0.6248
THIES,2016,Cowpea,13561,7680,0.66
THIES,2017,Millet,106503,70496,0.7282
THIES,2017,Peanut,115780,78769,0.748
THIES,2018,Sorghum,10609,8058,0.836
THIES,2016,Millet,104751,80672,0.847
THIES,2018,Maize,3030,2727,0.99
THIES,2016,Peanut,112497,112497,0.9911
THIES,2016,Sorghum,15815,14514,1.0098
THIES,2017,Sorghum,17396,15966,1.0098
THIES,2018,Millet,114218,107063,1.0307
THIES,2018,Peanut,95866,90253,1.0351
THIES,2019,Sesame,147,67,1.5125
THIES,2019,Millet,88133,40770,1.947
THIES,2019,Cowpea,30070,18744,2.0405
THIES,2019,Rice,8500,17000,2.2
THIES,2019,Sorghum,32400,30893,2.8105
THIES,2019,Peanut,92486,87345,2.9931
THIES,2019,Maize,30640,52638,3.6795
THIES,2018,Watermelon,540,2029,4.136
THIES,2016,Watermelon,939,9388,11
THIES,2017,Watermelon,1033,10327,11
THIES,2016,Cassava,28167,305969,11.3663
THIES,2017,Cassava,46008,522980,12.5037
THIES,2018,Cassava,46000,525200,12.5587
THIES,2019,Watermelon,3851,36257,31.009
THIES,2019,Cassava,56700,639150,34.1
THIES,2016,Sesame,0,0,0
THIES,2017,Sesame,0,0,0
THIES,2018,Sesame,,,0
THIES,2016,Fonio,0,0,0
THIES,2017,Fonio,0,0,0
THIES,2018,Fonio,,,0
ZIGUINCHOR,2019,Fonio,0,0,0
ZIGUINCHOR,2016,Cowpea,2597,425,0.4411
ZIGUINCHOR,2018,Cowpea,1203,541,0.495
ZIGUINCHOR,2017,Cowpea,2856,4379,0.5313
ZIGUINCHOR,2017,Sesame,1004,526,0.5764
ZIGUINCHOR,2016,Sesame,913,479,0.5863
ZIGUINCHOR,2018,Sesame,1158,662,0.6292
ZIGUINCHOR,2016,Millet,8925,5983,0.737
ZIGUINCHOR,2017,Millet,8752,7442,0.935
ZIGUINCHOR,2016,Maize,2169,2607,0.9746
ZIGUINCHOR,2016,Sorghum,474,430,0.9988
ZIGUINCHOR,2017,Peanut,28093,26611,1.0417
ZIGUINCHOR,2017,Sorghum,521,498,1.0505
ZIGUINCHOR,2018,Sorghum,534,515,1.0604
ZIGUINCHOR,2016,Peanut,26753,26753,1.0736
ZIGUINCHOR,2018,Millet,4097,4032,1.0824
ZIGUINCHOR,2018,Peanut,24346,33854,1.5301
ZIGUINCHOR,2019,Cowpea,1401,618,1.595
ZIGUINCHOR,2019,Sorghum,1719,1019,1.65
ZIGUINCHOR,2018,Maize,1422,2247,1.738
ZIGUINCHOR,2017,Rice,37400,61700,1.815
ZIGUINCHOR,2019,Sesame,1274,729,1.87
ZIGUINCHOR,2019,Millet,4963,4097,1.98
ZIGUINCHOR,2018,Cassava,247,452,2.0174
ZIGUINCHOR,2016,Rice,37400,78718,2.3155
ZIGUINCHOR,2018,Rice,47002,101537,2.376
ZIGUINCHOR,2017,Maize,2386,5909,2.7247
ZIGUINCHOR,2019,Peanut,24848,35885,4.895
ZIGUINCHOR,2019,Maize,2390,4785,6.0775
ZIGUINCHOR,2019,Rice,29400,84238,6.292
ZIGUINCHOR,2016,Cassava,245,2455,11
ZIGUINCHOR,2017,Cassava,270,2700,11
ZIGUINCHOR,2016,Watermelon,576,8644,16.5
ZIGUINCHOR,2017,Watermelon,634,9509,16.5
ZIGUINCHOR,2018,Watermelon,3918,58773,16.5
ZIGUINCHOR,2019,Cassava,259,2792,35.2
ZIGUINCHOR,2019,Watermelon,4330,64955,49.5
ZIGUINCHOR,2016,Fonio,0,0,0
ZIGUINCHOR,2017,Fonio,0,0,0
ZIGUINCHOR,2018,Fonio,,,0